"0","for (i in 1:100) {"
"0","  res.dfcomb <- dfcomb.simu.fn(ndose_a1=3, ndose_a2=5, p_tox=p.true.2, target=0.30, target_min=0.20, target_max=0.40, "
"0","                                prior_tox_a1=prior_tox_a1, prior_tox_a2=prior_tox_a2, n_cohort=10, cohort=3, tite=FALSE, "
"0","                                time_full=0, poisson_rate=0, c_e=0.85, c_d=0.45, c_stop=0.95, c_t=0.5,"
"0","                                c_over=0.25, cmin_overunder=2, cmin_mtd=3, cmin_recom=1, startup=0, alloc_rule=1, early_stop=1,"
"0","                                nburn=2000, niter=5000, seed=seeds[i])"
"0","}"
"2","0%   10   20   30   40   50   60   70   80   90   100%
"
"2","[----|----|----|----|----|----|----|----|----|----|
"
"2","*"
"2","*"
"2","*"
"2","*"
"2","*"
"2","*"
"2","*"
"2","*"
"2","*"
"2","*"
"2","*"
"2","*"
"2","*"
"2","*"
"2","*"
"2","*"
"2","*"
"2","*"
"2","*"
"2","*"
"2","*"
"2","*"
"2","*"
"2","*"
"2","*"
"2","*"
"2","*"
"2","*"
"2","*"
"2","*"
"2","*"
"2","*"
"2","*"
"2","*"
"2","*"
"2","*"
"2","*"
"2","*"
"2","*"
"2","*"
"2","*"
"2","*"
"2","*"
"2","*"
"2","*"
"2","*"
"2","*"
"2","*"
"2","*"
"2","*"
"2","|
"
"2","0%   10   20   30   40   50   60   70   80   90   100%
"
"2","[----|----|----|----|----|----|----|----|----|----|
"
"2","*"
"2","*"
"2","*"
"2","*"
"2","*"
"2","*"
"2","*"
"2","*"
"2","*"
"2","*"
"2","*"
"2","*"
"2","*"
"2","*"
"2","*"
"2","*"
"2","*"
"2","*"
"2","*"
"2","*"
"2","*"
"2","*"
"2","*"
"2","*"
"2","*"
"2","*"
"2","*"
"2","*"
"2","*"
"2","*"
"2","*"
"2","*"
"2","*"
"2","*"
"2","*"
"2","*"
"2","*"
"2","*"
"2","*"
"2","*"
"2","*"
"2","*"
"2","*"
"2","*"
"2","*"
"2","*"
"2","*"
"2","*"
"2","*"
"2","*"
"2","|
"
"2","0%   10   20   30   40   50   60   70   80   90   100%
"
"2","[----|----|----|----|----|----|----|----|----|----|
"
"2","*"
"2","*"
"2","*"
"2","*"
"2","*"
"2","*"
"2","*"
"2","*"
"2","*"
"2","*"
"2","*"
"2","*"
"2","*"
"2","*"
"2","*"
"2","*"
"2","*"
"2","*"
"2","*"
"2","*"
"2","*"
"2","*"
"2","*"
"2","*"
"2","*"
"2","*"
"2","*"
"2","*"
"2","*"
"2","*"
"2","*"
"2","*"
"2","*"
"2","*"
"2","*"
"2","*"
"2","*"
"2","*"
"2","*"
"2","*"
"2","*"
"2","*"
"2","*"
"2","*"
"2","*"
"2","*"
"2","*"
"2","*"
"2","*"
"2","*"
"2","|
"
"2","0%   10   20   30   40   50   60   70   80   90   100%
"
"2","[----|----|----|----|----|----|----|----|----|----|
"
"2","*"
"2","*"
"2","*"
"2","*"
"2","*"
"2","*"
"2","*"
"2","*"
"2","*"
"2","*"
"2","*"
"2","*"
"2","*"
"2","*"
"2","*"
"2","*"
"2","*"
"2","*"
"2","*"
"2","*"
"2","*"
"2","*"
"2","*"
"2","*"
"2","*"
"2","*"
"2","*"
"2","*"
"2","*"
"2","*"
"2","*"
"2","*"
"2","*"
"2","*"
"2","*"
"2","*"
"2","*"
"2","*"
"2","*"
"2","*"
"2","*"
"2","*"
"2","*"
"2","*"
"2","*"
"2","*"
"2","*"
"2","*"
"2","*"
"2","*"
"2","|
"
"2","0%   10   20   30   40   50   60   70   80   90   100%
"
"2","[----|----|----|----|----|----|----|----|----|----|
"
"2","*"
"2","*"
"2","*"
"2","*"
"2","*"
"2","*"
"2","*"
"2","*"
"2","*"
"2","*"
"2","*"
"2","*"
"2","*"
"2","*"
"2","*"
"2","*"
"2","*"
"2","*"
"2","*"
"2","*"
"2","*"
"2","*"
"2","*"
"2","*"
"2","*"
"2","*"
"2","*"
"2","*"
"2","*"
"2","*"
"2","*"
"2","*"
"2","*"
"2","*"
"2","*"
"2","*"
"2","*"
"2","*"
"2","*"
"2","*"
"2","*"
"2","*"
"2","*"
"2","*"
"2","*"
"2","*"
"2","*"
"2","*"
"2","*"
"2","*"
"2","|
"
"2","0%   10   20   30   40   50   60   70   80   90   100%
"
"2","[----|----|----|----|----|----|----|----|----|----|
"
"2","*"
"2","*"
"2","*"
"2","*"
"2","*"
"2","*"
"2","*"
"2","*"
"2","*"
"2","*"
"2","*"
"2","*"
"2","*"
"2","*"
"2","*"
"2","*"
"2","*"
"2","*"
"2","*"
"2","*"
"2","*"
"2","*"
"2","*"
"2","*"
"2","*"
"2","*"
"2","*"
"2","*"
"2","*"
"2","*"
"2","*"
"2","*"
"2","*"
"2","*"
"2","*"
"2","*"
"2","*"
"2","*"
"2","*"
"2","*"
"2","*"
"2","*"
"2","*"
"2","*"
"2","*"
"2","*"
"2","*"
"2","*"
"2","*"
"2","*"
"2","|
"
"2","0%   10   20   30   40   50   60   70   80   90   100%
"
"2","[----|----|----|----|----|----|----|----|----|----|
"
"2","*"
"2","*"
"2","*"
"2","*"
"2","*"
"2","*"
"2","*"
"2","*"
"2","*"
"2","*"
"2","*"
"2","*"
"2","*"
"2","*"
"2","*"
"2","*"
"2","*"
"2","*"
"2","*"
"2","*"
"2","*"
"2","*"
"2","*"
"2","*"
"2","*"
"2","*"
"2","*"
"2","*"
"2","*"
"2","*"
"2","*"
"2","*"
"2","*"
"2","*"
"2","*"
"2","*"
"2","*"
"2","*"
"2","*"
"2","*"
"2","*"
"2","*"
"2","*"
"2","*"
"2","*"
"2","*"
"2","*"
"2","*"
"2","*"
"2","*"
"2","|
"
"2","0%   10   20   30   40   50   60   70   80   90   100%
"
"2","[----|----|----|----|----|----|----|----|----|----|
"
"2","*"
"2","*"
"2","*"
"2","*"
"2","*"
"2","*"
"2","*"
"2","*"
"2","*"
"2","*"
"2","*"
"2","*"
"2","*"
"2","*"
"2","*"
"2","*"
"2","*"
"2","*"
"2","*"
"2","*"
"2","*"
"2","*"
"2","*"
"2","*"
"2","*"
"2","*"
"2","*"
"2","*"
"2","*"
"2","*"
"2","*"
"2","*"
"2","*"
"2","*"
"2","*"
"2","*"
"2","*"
"2","*"
"2","*"
"2","*"
"2","*"
"2","*"
"2","*"
"2","*"
"2","*"
"2","*"
"2","*"
"2","*"
"2","*"
"2","*"
"2","|
"
"2","0%   10   20   30   40   50   60   70   80   90   100%
"
"2","[----|----|----|----|----|----|----|----|----|----|
"
"2","*"
"2","*"
"2","*"
"2","*"
"2","*"
"2","*"
"2","*"
"2","*"
"2","*"
"2","*"
"2","*"
"2","*"
"2","*"
"2","*"
"2","*"
"2","*"
"2","*"
"2","*"
"2","*"
"2","*"
"2","*"
"2","*"
"2","*"
"2","*"
"2","*"
"2","*"
"2","*"
"2","*"
"2","*"
"2","*"
"2","*"
"2","*"
"2","*"
"2","*"
"2","*"
"2","*"
"2","*"
"2","*"
"2","*"
"2","*"
"2","*"
"2","*"
"2","*"
"2","*"
"2","*"
"2","*"
"2","*"
"2","*"
"2","*"
"2","*"
"2","|
"
"2","0%   10   20   30   40   50   60   70   80   90   100%
"
"2","[----|----|----|----|----|----|----|----|----|----|
"
"2","*"
"2","*"
"2","*"
"2","*"
"2","*"
"2","*"
"2","*"
"2","*"
"2","*"
"2","*"
"2","*"
"2","*"
"2","*"
"2","*"
"2","*"
"2","*"
"2","*"
"2","*"
"2","*"
"2","*"
"2","*"
"2","*"
"2","*"
"2","*"
"2","*"
"2","*"
"2","*"
"2","*"
"2","*"
"2","*"
"2","*"
"2","*"
"2","*"
"2","*"
"2","*"
"2","*"
"2","*"
"2","*"
"2","*"
"2","*"
"2","*"
"2","*"
"2","*"
"2","*"
"2","*"
"2","*"
"2","*"
"2","*"
"2","*"
"2","*"
"2","|
"
"2","0%   10   20   30   40   50   60   70   80   90   100%
"
"2","[----|----|----|----|----|----|----|----|----|----|
"
"2","*"
"2","*"
"2","*"
"2","*"
"2","*"
"2","*"
"2","*"
"2","*"
"2","*"
"2","*"
"2","*"
"2","*"
"2","*"
"2","*"
"2","*"
"2","*"
"2","*"
"2","*"
"2","*"
"2","*"
"2","*"
"2","*"
"2","*"
"2","*"
"2","*"
"2","*"
"2","*"
"2","*"
"2","*"
"2","*"
"2","*"
"2","*"
"2","*"
"2","*"
"2","*"
"2","*"
"2","*"
"2","*"
"2","*"
"2","*"
"2","*"
"2","*"
"2","*"
"2","*"
"2","*"
"2","*"
"2","*"
"2","*"
"2","*"
"2","*"
"2","|
"
"2","0%   10   20   30   40   50   60   70   80   90   100%
"
"2","[----|----|----|----|----|----|----|----|----|----|
"
"2","*"
"2","*"
"2","*"
"2","*"
"2","*"
"2","*"
"2","*"
"2","*"
"2","*"
"2","*"
"2","*"
"2","*"
"2","*"
"2","*"
"2","*"
"2","*"
"2","*"
"2","*"
"2","*"
"2","*"
"2","*"
"2","*"
"2","*"
"2","*"
"2","*"
"2","*"
"2","*"
"2","*"
"2","*"
"2","*"
"2","*"
"2","*"
"2","*"
"2","*"
"2","*"
"2","*"
"2","*"
"2","*"
"2","*"
"2","*"
"2","*"
"2","*"
"2","*"
"2","*"
"2","*"
"2","*"
"2","*"
"2","*"
"2","*"
"2","*"
"2","|
"
"2","0%   10   20   30   40   50   60   70   80   90   100%
"
"2","[----|----|----|----|----|----|----|----|----|----|
"
"2","*"
"2","*"
"2","*"
"2","*"
"2","*"
"2","*"
"2","*"
"2","*"
"2","*"
"2","*"
"2","*"
"2","*"
"2","*"
"2","*"
"2","*"
"2","*"
"2","*"
"2","*"
"2","*"
"2","*"
"2","*"
"2","*"
"2","*"
"2","*"
"2","*"
"2","*"
"2","*"
"2","*"
"2","*"
"2","*"
"2","*"
"2","*"
"2","*"
"2","*"
"2","*"
"2","*"
"2","*"
"2","*"
"2","*"
"2","*"
"2","*"
"2","*"
"2","*"
"2","*"
"2","*"
"2","*"
"2","*"
"2","*"
"2","*"
"2","*"
"2","|
"
"2","0%   10   20   30   40   50   60   70   80   90   100%
"
"2","[----|----|----|----|----|----|----|----|----|----|
"
"2","*"
"2","*"
"2","*"
"2","*"
"2","*"
"2","*"
"2","*"
"2","*"
"2","*"
"2","*"
"2","*"
"2","*"
"2","*"
"2","*"
"2","*"
"2","*"
"2","*"
"2","*"
"2","*"
"2","*"
"2","*"
"2","*"
"2","*"
"2","*"
"2","*"
"2","*"
"2","*"
"2","*"
"2","*"
"2","*"
"2","*"
"2","*"
"2","*"
"2","*"
"2","*"
"2","*"
"2","*"
"2","*"
"2","*"
"2","*"
"2","*"
"2","*"
"2","*"
"2","*"
"2","*"
"2","*"
"2","*"
"2","*"
"2","*"
"2","*"
"2","|
"
"2","0%   10   20   30   40   50   60   70   80   90   100%
"
"2","[----|----|----|----|----|----|----|----|----|----|
"
"2","*"
"2","*"
"2","*"
"2","*"
"2","*"
"2","*"
"2","*"
"2","*"
"2","*"
"2","*"
"2","*"
"2","*"
"2","*"
"2","*"
"2","*"
"2","*"
"2","*"
"2","*"
"2","*"
"2","*"
"2","*"
"2","*"
"2","*"
"2","*"
"2","*"
"2","*"
"2","*"
"2","*"
"2","*"
"2","*"
"2","*"
"2","*"
"2","*"
"2","*"
"2","*"
"2","*"
"2","*"
"2","*"
"2","*"
"2","*"
"2","*"
"2","*"
"2","*"
"2","*"
"2","*"
"2","*"
"2","*"
"2","*"
"2","*"
"2","*"
"2","|
"
"2","0%   10   20   30   40   50   60   70   80   90   100%
"
"2","[----|----|----|----|----|----|----|----|----|----|
"
"2","*"
"2","*"
"2","*"
"2","*"
"2","*"
"2","*"
"2","*"
"2","*"
"2","*"
"2","*"
"2","*"
"2","*"
"2","*"
"2","*"
"2","*"
"2","*"
"2","*"
"2","*"
"2","*"
"2","*"
"2","*"
"2","*"
"2","*"
"2","*"
"2","*"
"2","*"
"2","*"
"2","*"
"2","*"
"2","*"
"2","*"
"2","*"
"2","*"
"2","*"
"2","*"
"2","*"
"2","*"
"2","*"
"2","*"
"2","*"
"2","*"
"2","*"
"2","*"
"2","*"
"2","*"
"2","*"
"2","*"
"2","*"
"2","*"
"2","*"
"2","|
"
"2","0%   10   20   30   40   50   60   70   80   90   100%
"
"2","[----|----|----|----|----|----|----|----|----|----|
"
"2","*"
"2","*"
"2","*"
"2","*"
"2","*"
"2","*"
"2","*"
"2","*"
"2","*"
"2","*"
"2","*"
"2","*"
"2","*"
"2","*"
"2","*"
"2","*"
"2","*"
"2","*"
"2","*"
"2","*"
"2","*"
"2","*"
"2","*"
"2","*"
"2","*"
"2","*"
"2","*"
"2","*"
"2","*"
"2","*"
"2","*"
"2","*"
"2","*"
"2","*"
"2","*"
"2","*"
"2","*"
"2","*"
"2","*"
"2","*"
"2","*"
"2","*"
"2","*"
"2","*"
"2","*"
"2","*"
"2","*"
"2","*"
"2","*"
"2","*"
"2","|
"
"2","0%   10   20   30   40   50   60   70   80   90   100%
"
"2","[----|----|----|----|----|----|----|----|----|----|
"
"2","*"
"2","*"
"2","*"
"2","*"
"2","*"
"2","*"
"2","*"
"2","*"
"2","*"
"2","*"
"2","*"
"2","*"
"2","*"
"2","*"
"2","*"
"2","*"
"2","*"
"2","*"
"2","*"
"2","*"
"2","*"
"2","*"
"2","*"
"2","*"
"2","*"
"2","*"
"2","*"
"2","*"
"2","*"
"2","*"
"2","*"
"2","*"
"2","*"
"2","*"
"2","*"
"2","*"
"2","*"
"2","*"
"2","*"
"2","*"
"2","*"
"2","*"
"2","*"
"2","*"
"2","*"
"2","*"
"2","*"
"2","*"
"2","*"
"2","*"
"2","|
"
"2","0%   10   20   30   40   50   60   70   80   90   100%
"
"2","[----|----|----|----|----|----|----|----|----|----|
"
"2","*"
"2","*"
"2","*"
"2","*"
"2","*"
"2","*"
"2","*"
"2","*"
"2","*"
"2","*"
"2","*"
"2","*"
"2","*"
"2","*"
"2","*"
"2","*"
"2","*"
"2","*"
"2","*"
"2","*"
"2","*"
"2","*"
"2","*"
"2","*"
"2","*"
"2","*"
"2","*"
"2","*"
"2","*"
"2","*"
"2","*"
"2","*"
"2","*"
"2","*"
"2","*"
"2","*"
"2","*"
"2","*"
"2","*"
"2","*"
"2","*"
"2","*"
"2","*"
"2","*"
"2","*"
"2","*"
"2","*"
"2","*"
"2","*"
"2","*"
"2","|
"
"2","0%   10   20   30   40   50   60   70   80   90   100%
"
"2","[----|----|----|----|----|----|----|----|----|----|
"
"2","*"
"2","*"
"2","*"
"2","*"
"2","*"
"2","*"
"2","*"
"2","*"
"2","*"
"2","*"
"2","*"
"2","*"
"2","*"
"2","*"
"2","*"
"2","*"
"2","*"
"2","*"
"2","*"
"2","*"
"2","*"
"2","*"
"2","*"
"2","*"
"2","*"
"2","*"
"2","*"
"2","*"
"2","*"
"2","*"
"2","*"
"2","*"
"2","*"
"2","*"
"2","*"
"2","*"
"2","*"
"2","*"
"2","*"
"2","*"
"2","*"
"2","*"
"2","*"
"2","*"
"2","*"
"2","*"
"2","*"
"2","*"
"2","*"
"2","*"
"2","|
"
"2","0%   10   20   30   40   50   60   70   80   90   100%
"
"2","[----|----|----|----|----|----|----|----|----|----|
"
"2","*"
"2","*"
"2","*"
"2","*"
"2","*"
"2","*"
"2","*"
"2","*"
"2","*"
"2","*"
"2","*"
"2","*"
"2","*"
"2","*"
"2","*"
"2","*"
"2","*"
"2","*"
"2","*"
"2","*"
"2","*"
"2","*"
"2","*"
"2","*"
"2","*"
"2","*"
"2","*"
"2","*"
"2","*"
"2","*"
"2","*"
"2","*"
"2","*"
"2","*"
"2","*"
"2","*"
"2","*"
"2","*"
"2","*"
"2","*"
"2","*"
"2","*"
"2","*"
"2","*"
"2","*"
"2","*"
"2","*"
"2","*"
"2","*"
"2","*"
"2","|
"
"2","0%   10   20   30   40   50   60   70   80   90   100%
"
"2","[----|----|----|----|----|----|----|----|----|----|
"
"2","*"
"2","*"
"2","*"
"2","*"
"2","*"
"2","*"
"2","*"
"2","*"
"2","*"
"2","*"
"2","*"
"2","*"
"2","*"
"2","*"
"2","*"
"2","*"
"2","*"
"2","*"
"2","*"
"2","*"
"2","*"
"2","*"
"2","*"
"2","*"
"2","*"
"2","*"
"2","*"
"2","*"
"2","*"
"2","*"
"2","*"
"2","*"
"2","*"
"2","*"
"2","*"
"2","*"
"2","*"
"2","*"
"2","*"
"2","*"
"2","*"
"2","*"
"2","*"
"2","*"
"2","*"
"2","*"
"2","*"
"2","*"
"2","*"
"2","*"
"2","|
"
"2","0%   10   20   30   40   50   60   70   80   90   100%
"
"2","[----|----|----|----|----|----|----|----|----|----|
"
"2","*"
"2","*"
"2","*"
"2","*"
"2","*"
"2","*"
"2","*"
"2","*"
"2","*"
"2","*"
"2","*"
"2","*"
"2","*"
"2","*"
"2","*"
"2","*"
"2","*"
"2","*"
"2","*"
"2","*"
"2","*"
"2","*"
"2","*"
"2","*"
"2","*"
"2","*"
"2","*"
"2","*"
"2","*"
"2","*"
"2","*"
"2","*"
"2","*"
"2","*"
"2","*"
"2","*"
"2","*"
"2","*"
"2","*"
"2","*"
"2","*"
"2","*"
"2","*"
"2","*"
"2","*"
"2","*"
"2","*"
"2","*"
"2","*"
"2","*"
"2","|
"
"2","0%   10   20   30   40   50   60   70   80   90   100%
"
"2","[----|----|----|----|----|----|----|----|----|----|
"
"2","*"
"2","*"
"2","*"
"2","*"
"2","*"
"2","*"
"2","*"
"2","*"
"2","*"
"2","*"
"2","*"
"2","*"
"2","*"
"2","*"
"2","*"
"2","*"
"2","*"
"2","*"
"2","*"
"2","*"
"2","*"
"2","*"
"2","*"
"2","*"
"2","*"
"2","*"
"2","*"
"2","*"
"2","*"
"2","*"
"2","*"
"2","*"
"2","*"
"2","*"
"2","*"
"2","*"
"2","*"
"2","*"
"2","*"
"2","*"
"2","*"
"2","*"
"2","*"
"2","*"
"2","*"
"2","*"
"2","*"
"2","*"
"2","*"
"2","*"
"2","|
"
"2","0%   10   20   30   40   50   60   70   80   90   100%
"
"2","[----|----|----|----|----|----|----|----|----|----|
"
"2","*"
"2","*"
"2","*"
"2","*"
"2","*"
"2","*"
"2","*"
"2","*"
"2","*"
"2","*"
"2","*"
"2","*"
"2","*"
"2","*"
"2","*"
"2","*"
"2","*"
"2","*"
"2","*"
"2","*"
"2","*"
"2","*"
"2","*"
"2","*"
"2","*"
"2","*"
"2","*"
"2","*"
"2","*"
"2","*"
"2","*"
"2","*"
"2","*"
"2","*"
"2","*"
"2","*"
"2","*"
"2","*"
"2","*"
"2","*"
"2","*"
"2","*"
"2","*"
"2","*"
"2","*"
"2","*"
"2","*"
"2","*"
"2","*"
"2","*"
"2","|
"
"2","0%   10   20   30   40   50   60   70   80   90   100%
"
"2","[----|----|----|----|----|----|----|----|----|----|
"
"2","*"
"2","*"
"2","*"
"2","*"
"2","*"
"2","*"
"2","*"
"2","*"
"2","*"
"2","*"
"2","*"
"2","*"
"2","*"
"2","*"
"2","*"
"2","*"
"2","*"
"2","*"
"2","*"
"2","*"
"2","*"
"2","*"
"2","*"
"2","*"
"2","*"
"2","*"
"2","*"
"2","*"
"2","*"
"2","*"
"2","*"
"2","*"
"2","*"
"2","*"
"2","*"
"2","*"
"2","*"
"2","*"
"2","*"
"2","*"
"2","*"
"2","*"
"2","*"
"2","*"
"2","*"
"2","*"
"2","*"
"2","*"
"2","*"
"2","*"
"2","|
"
"2","0%   10   20   30   40   50   60   70   80   90   100%
"
"2","[----|----|----|----|----|----|----|----|----|----|
"
"2","*"
"2","*"
"2","*"
"2","*"
"2","*"
"2","*"
"2","*"
"2","*"
"2","*"
"2","*"
"2","*"
"2","*"
"2","*"
"2","*"
"2","*"
"2","*"
"2","*"
"2","*"
"2","*"
"2","*"
"2","*"
"2","*"
"2","*"
"2","*"
"2","*"
"2","*"
"2","*"
"2","*"
"2","*"
"2","*"
"2","*"
"2","*"
"2","*"
"2","*"
"2","*"
"2","*"
"2","*"
"2","*"
"2","*"
"2","*"
"2","*"
"2","*"
"2","*"
"2","*"
"2","*"
"2","*"
"2","*"
"2","*"
"2","*"
"2","*"
"2","|
"
"2","0%   10   20   30   40   50   60   70   80   90   100%
"
"2","[----|----|----|----|----|----|----|----|----|----|
"
"2","*"
"2","*"
"2","*"
"2","*"
"2","*"
"2","*"
"2","*"
"2","*"
"2","*"
"2","*"
"2","*"
"2","*"
"2","*"
"2","*"
"2","*"
"2","*"
"2","*"
"2","*"
"2","*"
"2","*"
"2","*"
"2","*"
"2","*"
"2","*"
"2","*"
"2","*"
"2","*"
"2","*"
"2","*"
"2","*"
"2","*"
"2","*"
"2","*"
"2","*"
"2","*"
"2","*"
"2","*"
"2","*"
"2","*"
"2","*"
"2","*"
"2","*"
"2","*"
"2","*"
"2","*"
"2","*"
"2","*"
"2","*"
"2","*"
"2","*"
"2","|
"
"2","0%   10   20   30   40   50   60   70   80   90   100%
"
"2","[----|----|----|----|----|----|----|----|----|----|
"
"2","*"
"2","*"
"2","*"
"2","*"
"2","*"
"2","*"
"2","*"
"2","*"
"2","*"
"2","*"
"2","*"
"2","*"
"2","*"
"2","*"
"2","*"
"2","*"
"2","*"
"2","*"
"2","*"
"2","*"
"2","*"
"2","*"
"2","*"
"2","*"
"2","*"
"2","*"
"2","*"
"2","*"
"2","*"
"2","*"
"2","*"
"2","*"
"2","*"
"2","*"
"2","*"
"2","*"
"2","*"
"2","*"
"2","*"
"2","*"
"2","*"
"2","*"
"2","*"
"2","*"
"2","*"
"2","*"
"2","*"
"2","*"
"2","*"
"2","*"
"2","|
"
"2","0%   10   20   30   40   50   60   70   80   90   100%
"
"2","[----|----|----|----|----|----|----|----|----|----|
"
"2","*"
"2","*"
"2","*"
"2","*"
"2","*"
"2","*"
"2","*"
"2","*"
"2","*"
"2","*"
"2","*"
"2","*"
"2","*"
"2","*"
"2","*"
"2","*"
"2","*"
"2","*"
"2","*"
"2","*"
"2","*"
"2","*"
"2","*"
"2","*"
"2","*"
"2","*"
"2","*"
"2","*"
"2","*"
"2","*"
"2","*"
"2","*"
"2","*"
"2","*"
"2","*"
"2","*"
"2","*"
"2","*"
"2","*"
"2","*"
"2","*"
"2","*"
"2","*"
"2","*"
"2","*"
"2","*"
"2","*"
"2","*"
"2","*"
"2","*"
"2","|
"
"2","0%   10   20   30   40   50   60   70   80   90   100%
"
"2","[----|----|----|----|----|----|----|----|----|----|
"
"2","*"
"2","*"
"2","*"
"2","*"
"2","*"
"2","*"
"2","*"
"2","*"
"2","*"
"2","*"
"2","*"
"2","*"
"2","*"
"2","*"
"2","*"
"2","*"
"2","*"
"2","*"
"2","*"
"2","*"
"2","*"
"2","*"
"2","*"
"2","*"
"2","*"
"2","*"
"2","*"
"2","*"
"2","*"
"2","*"
"2","*"
"2","*"
"2","*"
"2","*"
"2","*"
"2","*"
"2","*"
"2","*"
"2","*"
"2","*"
"2","*"
"2","*"
"2","*"
"2","*"
"2","*"
"2","*"
"2","*"
"2","*"
"2","*"
"2","*"
"2","|
"
"2","0%   10   20   30   40   50   60   70   80   90   100%
"
"2","[----|----|----|----|----|----|----|----|----|----|
"
"2","*"
"2","*"
"2","*"
"2","*"
"2","*"
"2","*"
"2","*"
"2","*"
"2","*"
"2","*"
"2","*"
"2","*"
"2","*"
"2","*"
"2","*"
"2","*"
"2","*"
"2","*"
"2","*"
"2","*"
"2","*"
"2","*"
"2","*"
"2","*"
"2","*"
"2","*"
"2","*"
"2","*"
"2","*"
"2","*"
"2","*"
"2","*"
"2","*"
"2","*"
"2","*"
"2","*"
"2","*"
"2","*"
"2","*"
"2","*"
"2","*"
"2","*"
"2","*"
"2","*"
"2","*"
"2","*"
"2","*"
"2","*"
"2","*"
"2","*"
"2","|
"
"2","0%   10   20   30   40   50   60   70   80   90   100%
"
"2","[----|----|----|----|----|----|----|----|----|----|
"
"2","*"
"2","*"
"2","*"
"2","*"
"2","*"
"2","*"
"2","*"
"2","*"
"2","*"
"2","*"
"2","*"
"2","*"
"2","*"
"2","*"
"2","*"
"2","*"
"2","*"
"2","*"
"2","*"
"2","*"
"2","*"
"2","*"
"2","*"
"2","*"
"2","*"
"2","*"
"2","*"
"2","*"
"2","*"
"2","*"
"2","*"
"2","*"
"2","*"
"2","*"
"2","*"
"2","*"
"2","*"
"2","*"
"2","*"
"2","*"
"2","*"
"2","*"
"2","*"
"2","*"
"2","*"
"2","*"
"2","*"
"2","*"
"2","*"
"2","*"
"2","|
"
"2","0%   10   20   30   40   50   60   70   80   90   100%
"
"2","[----|----|----|----|----|----|----|----|----|----|
"
"2","*"
"2","*"
"2","*"
"2","*"
"2","*"
"2","*"
"2","*"
"2","*"
"2","*"
"2","*"
"2","*"
"2","*"
"2","*"
"2","*"
"2","*"
"2","*"
"2","*"
"2","*"
"2","*"
"2","*"
"2","*"
"2","*"
"2","*"
"2","*"
"2","*"
"2","*"
"2","*"
"2","*"
"2","*"
"2","*"
"2","*"
"2","*"
"2","*"
"2","*"
"2","*"
"2","*"
"2","*"
"2","*"
"2","*"
"2","*"
"2","*"
"2","*"
"2","*"
"2","*"
"2","*"
"2","*"
"2","*"
"2","*"
"2","*"
"2","*"
"2","|
"
"2","0%   10   20   30   40   50   60   70   80   90   100%
"
"2","[----|----|----|----|----|----|----|----|----|----|
"
"2","*"
"2","*"
"2","*"
"2","*"
"2","*"
"2","*"
"2","*"
"2","*"
"2","*"
"2","*"
"2","*"
"2","*"
"2","*"
"2","*"
"2","*"
"2","*"
"2","*"
"2","*"
"2","*"
"2","*"
"2","*"
"2","*"
"2","*"
"2","*"
"2","*"
"2","*"
"2","*"
"2","*"
"2","*"
"2","*"
"2","*"
"2","*"
"2","*"
"2","*"
"2","*"
"2","*"
"2","*"
"2","*"
"2","*"
"2","*"
"2","*"
"2","*"
"2","*"
"2","*"
"2","*"
"2","*"
"2","*"
"2","*"
"2","*"
"2","*"
"2","|
"
"2","0%   10   20   30   40   50   60   70   80   90   100%
"
"2","[----|----|----|----|----|----|----|----|----|----|
"
"2","*"
"2","*"
"2","*"
"2","*"
"2","*"
"2","*"
"2","*"
"2","*"
"2","*"
"2","*"
"2","*"
"2","*"
"2","*"
"2","*"
"2","*"
"2","*"
"2","*"
"2","*"
"2","*"
"2","*"
"2","*"
"2","*"
"2","*"
"2","*"
"2","*"
"2","*"
"2","*"
"2","*"
"2","*"
"2","*"
"2","*"
"2","*"
"2","*"
"2","*"
"2","*"
"2","*"
"2","*"
"2","*"
"2","*"
"2","*"
"2","*"
"2","*"
"2","*"
"2","*"
"2","*"
"2","*"
"2","*"
"2","*"
"2","*"
"2","*"
"2","|
"
"2","0%   10   20   30   40   50   60   70   80   90   100%
"
"2","[----|----|----|----|----|----|----|----|----|----|
"
"2","*"
"2","*"
"2","*"
"2","*"
"2","*"
"2","*"
"2","*"
"2","*"
"2","*"
"2","*"
"2","*"
"2","*"
"2","*"
"2","*"
"2","*"
"2","*"
"2","*"
"2","*"
"2","*"
"2","*"
"2","*"
"2","*"
"2","*"
"2","*"
"2","*"
"2","*"
"2","*"
"2","*"
"2","*"
"2","*"
"2","*"
"2","*"
"2","*"
"2","*"
"2","*"
"2","*"
"2","*"
"2","*"
"2","*"
"2","*"
"2","*"
"2","*"
"2","*"
"2","*"
"2","*"
"2","*"
"2","*"
"2","*"
"2","*"
"2","*"
"2","|
"
"2","0%   10   20   30   40   50   60   70   80   90   100%
"
"2","[----|----|----|----|----|----|----|----|----|----|
"
"2","*"
"2","*"
"2","*"
"2","*"
"2","*"
"2","*"
"2","*"
"2","*"
"2","*"
"2","*"
"2","*"
"2","*"
"2","*"
"2","*"
"2","*"
"2","*"
"2","*"
"2","*"
"2","*"
"2","*"
"2","*"
"2","*"
"2","*"
"2","*"
"2","*"
"2","*"
"2","*"
"2","*"
"2","*"
"2","*"
"2","*"
"2","*"
"2","*"
"2","*"
"2","*"
"2","*"
"2","*"
"2","*"
"2","*"
"2","*"
"2","*"
"2","*"
"2","*"
"2","*"
"2","*"
"2","*"
"2","*"
"2","*"
"2","*"
"2","*"
"2","|
"
"2","0%   10   20   30   40   50   60   70   80   90   100%
"
"2","[----|----|----|----|----|----|----|----|----|----|
"
"2","*"
"2","*"
"2","*"
"2","*"
"2","*"
"2","*"
"2","*"
"2","*"
"2","*"
"2","*"
"2","*"
"2","*"
"2","*"
"2","*"
"2","*"
"2","*"
"2","*"
"2","*"
"2","*"
"2","*"
"2","*"
"2","*"
"2","*"
"2","*"
"2","*"
"2","*"
"2","*"
"2","*"
"2","*"
"2","*"
"2","*"
"2","*"
"2","*"
"2","*"
"2","*"
"2","*"
"2","*"
"2","*"
"2","*"
"2","*"
"2","*"
"2","*"
"2","*"
"2","*"
"2","*"
"2","*"
"2","*"
"2","*"
"2","*"
"2","*"
"2","|
"
"2","0%   10   20   30   40   50   60   70   80   90   100%
"
"2","[----|----|----|----|----|----|----|----|----|----|
"
"2","*"
"2","*"
"2","*"
"2","*"
"2","*"
"2","*"
"2","*"
"2","*"
"2","*"
"2","*"
"2","*"
"2","*"
"2","*"
"2","*"
"2","*"
"2","*"
"2","*"
"2","*"
"2","*"
"2","*"
"2","*"
"2","*"
"2","*"
"2","*"
"2","*"
"2","*"
"2","*"
"2","*"
"2","*"
"2","*"
"2","*"
"2","*"
"2","*"
"2","*"
"2","*"
"2","*"
"2","*"
"2","*"
"2","*"
"2","*"
"2","*"
"2","*"
"2","*"
"2","*"
"2","*"
"2","*"
"2","*"
"2","*"
"2","*"
"2","*"
"2","|
"
"2","0%   10   20   30   40   50   60   70   80   90   100%
"
"2","[----|----|----|----|----|----|----|----|----|----|
"
"2","*"
"2","*"
"2","*"
"2","*"
"2","*"
"2","*"
"2","*"
"2","*"
"2","*"
"2","*"
"2","*"
"2","*"
"2","*"
"2","*"
"2","*"
"2","*"
"2","*"
"2","*"
"2","*"
"2","*"
"2","*"
"2","*"
"2","*"
"2","*"
"2","*"
"2","*"
"2","*"
"2","*"
"2","*"
"2","*"
"2","*"
"2","*"
"2","*"
"2","*"
"2","*"
"2","*"
"2","*"
"2","*"
"2","*"
"2","*"
"2","*"
"2","*"
"2","*"
"2","*"
"2","*"
"2","*"
"2","*"
"2","*"
"2","*"
"2","*"
"2","|
"
"2","0%   10   20   30   40   50   60   70   80   90   100%
"
"2","[----|----|----|----|----|----|----|----|----|----|
"
"2","*"
"2","*"
"2","*"
"2","*"
"2","*"
"2","*"
"2","*"
"2","*"
"2","*"
"2","*"
"2","*"
"2","*"
"2","*"
"2","*"
"2","*"
"2","*"
"2","*"
"2","*"
"2","*"
"2","*"
"2","*"
"2","*"
"2","*"
"2","*"
"2","*"
"2","*"
"2","*"
"2","*"
"2","*"
"2","*"
"2","*"
"2","*"
"2","*"
"2","*"
"2","*"
"2","*"
"2","*"
"2","*"
"2","*"
"2","*"
"2","*"
"2","*"
"2","*"
"2","*"
"2","*"
"2","*"
"2","*"
"2","*"
"2","*"
"2","*"
"2","|
"
"2","0%   10   20   30   40   50   60   70   80   90   100%
"
"2","[----|----|----|----|----|----|----|----|----|----|
"
"2","*"
"2","*"
"2","*"
"2","*"
"2","*"
"2","*"
"2","*"
"2","*"
"2","*"
"2","*"
"2","*"
"2","*"
"2","*"
"2","*"
"2","*"
"2","*"
"2","*"
"2","*"
"2","*"
"2","*"
"2","*"
"2","*"
"2","*"
"2","*"
"2","*"
"2","*"
"2","*"
"2","*"
"2","*"
"2","*"
"2","*"
"2","*"
"2","*"
"2","*"
"2","*"
"2","*"
"2","*"
"2","*"
"2","*"
"2","*"
"2","*"
"2","*"
"2","*"
"2","*"
"2","*"
"2","*"
"2","*"
"2","*"
"2","*"
"2","*"
"2","|
"
"2","0%   10   20   30   40   50   60   70   80   90   100%
"
"2","[----|----|----|----|----|----|----|----|----|----|
"
"2","*"
"2","*"
"2","*"
"2","*"
"2","*"
"2","*"
"2","*"
"2","*"
"2","*"
"2","*"
"2","*"
"2","*"
"2","*"
"2","*"
"2","*"
"2","*"
"2","*"
"2","*"
"2","*"
"2","*"
"2","*"
"2","*"
"2","*"
"2","*"
"2","*"
"2","*"
"2","*"
"2","*"
"2","*"
"2","*"
"2","*"
"2","*"
"2","*"
"2","*"
"2","*"
"2","*"
"2","*"
"2","*"
"2","*"
"2","*"
"2","*"
"2","*"
"2","*"
"2","*"
"2","*"
"2","*"
"2","*"
"2","*"
"2","*"
"2","*"
"2","|
"
"2","0%   10   20   30   40   50   60   70   80   90   100%
"
"2","[----|----|----|----|----|----|----|----|----|----|
"
"2","*"
"2","*"
"2","*"
"2","*"
"2","*"
"2","*"
"2","*"
"2","*"
"2","*"
"2","*"
"2","*"
"2","*"
"2","*"
"2","*"
"2","*"
"2","*"
"2","*"
"2","*"
"2","*"
"2","*"
"2","*"
"2","*"
"2","*"
"2","*"
"2","*"
"2","*"
"2","*"
"2","*"
"2","*"
"2","*"
"2","*"
"2","*"
"2","*"
"2","*"
"2","*"
"2","*"
"2","*"
"2","*"
"2","*"
"2","*"
"2","*"
"2","*"
"2","*"
"2","*"
"2","*"
"2","*"
"2","*"
"2","*"
"2","*"
"2","*"
"2","|
"
"2","0%   10   20   30   40   50   60   70   80   90   100%
"
"2","[----|----|----|----|----|----|----|----|----|----|
"
"2","*"
"2","*"
"2","*"
"2","*"
"2","*"
"2","*"
"2","*"
"2","*"
"2","*"
"2","*"
"2","*"
"2","*"
"2","*"
"2","*"
"2","*"
"2","*"
"2","*"
"2","*"
"2","*"
"2","*"
"2","*"
"2","*"
"2","*"
"2","*"
"2","*"
"2","*"
"2","*"
"2","*"
"2","*"
"2","*"
"2","*"
"2","*"
"2","*"
"2","*"
"2","*"
"2","*"
"2","*"
"2","*"
"2","*"
"2","*"
"2","*"
"2","*"
"2","*"
"2","*"
"2","*"
"2","*"
"2","*"
"2","*"
"2","*"
"2","*"
"2","|
"
"2","0%   10   20   30   40   50   60   70   80   90   100%
"
"2","[----|----|----|----|----|----|----|----|----|----|
"
"2","*"
"2","*"
"2","*"
"2","*"
"2","*"
"2","*"
"2","*"
"2","*"
"2","*"
"2","*"
"2","*"
"2","*"
"2","*"
"2","*"
"2","*"
"2","*"
"2","*"
"2","*"
"2","*"
"2","*"
"2","*"
"2","*"
"2","*"
"2","*"
"2","*"
"2","*"
"2","*"
"2","*"
"2","*"
"2","*"
"2","*"
"2","*"
"2","*"
"2","*"
"2","*"
"2","*"
"2","*"
"2","*"
"2","*"
"2","*"
"2","*"
"2","*"
"2","*"
"2","*"
"2","*"
"2","*"
"2","*"
"2","*"
"2","*"
"2","*"
"2","|
"
"2","0%   10   20   30   40   50   60   70   80   90   100%
"
"2","[----|----|----|----|----|----|----|----|----|----|
"
"2","*"
"2","*"
"2","*"
"2","*"
"2","*"
"2","*"
"2","*"
"2","*"
"2","*"
"2","*"
"2","*"
"2","*"
"2","*"
"2","*"
"2","*"
"2","*"
"2","*"
"2","*"
"2","*"
"2","*"
"2","*"
"2","*"
"2","*"
"2","*"
"2","*"
"2","*"
"2","*"
"2","*"
"2","*"
"2","*"
"2","*"
"2","*"
"2","*"
"2","*"
"2","*"
"2","*"
"2","*"
"2","*"
"2","*"
"2","*"
"2","*"
"2","*"
"2","*"
"2","*"
"2","*"
"2","*"
"2","*"
"2","*"
"2","*"
"2","*"
"2","|
"
"2","0%   10   20   30   40   50   60   70   80   90   100%
"
"2","[----|----|----|----|----|----|----|----|----|----|
"
"2","*"
"2","*"
"2","*"
"2","*"
"2","*"
"2","*"
"2","*"
"2","*"
"2","*"
"2","*"
"2","*"
"2","*"
"2","*"
"2","*"
"2","*"
"2","*"
"2","*"
"2","*"
"2","*"
"2","*"
"2","*"
"2","*"
"2","*"
"2","*"
"2","*"
"2","*"
"2","*"
"2","*"
"2","*"
"2","*"
"2","*"
"2","*"
"2","*"
"2","*"
"2","*"
"2","*"
"2","*"
"2","*"
"2","*"
"2","*"
"2","*"
"2","*"
"2","*"
"2","*"
"2","*"
"2","*"
"2","*"
"2","*"
"2","*"
"2","*"
"2","|
"
"2","0%   10   20   30   40   50   60   70   80   90   100%
"
"2","[----|----|----|----|----|----|----|----|----|----|
"
"2","*"
"2","*"
"2","*"
"2","*"
"2","*"
"2","*"
"2","*"
"2","*"
"2","*"
"2","*"
"2","*"
"2","*"
"2","*"
"2","*"
"2","*"
"2","*"
"2","*"
"2","*"
"2","*"
"2","*"
"2","*"
"2","*"
"2","*"
"2","*"
"2","*"
"2","*"
"2","*"
"2","*"
"2","*"
"2","*"
"2","*"
"2","*"
"2","*"
"2","*"
"2","*"
"2","*"
"2","*"
"2","*"
"2","*"
"2","*"
"2","*"
"2","*"
"2","*"
"2","*"
"2","*"
"2","*"
"2","*"
"2","*"
"2","*"
"2","*"
"2","|
"
"2","0%   10   20   30   40   50   60   70   80   90   100%
"
"2","[----|----|----|----|----|----|----|----|----|----|
"
"2","*"
"2","*"
"2","*"
"2","*"
"2","*"
"2","*"
"2","*"
"2","*"
"2","*"
"2","*"
"2","*"
"2","*"
"2","*"
"2","*"
"2","*"
"2","*"
"2","*"
"2","*"
"2","*"
"2","*"
"2","*"
"2","*"
"2","*"
"2","*"
"2","*"
"2","*"
"2","*"
"2","*"
"2","*"
"2","*"
"2","*"
"2","*"
"2","*"
"2","*"
"2","*"
"2","*"
"2","*"
"2","*"
"2","*"
"2","*"
"2","*"
"2","*"
"2","*"
"2","*"
"2","*"
"2","*"
"2","*"
"2","*"
"2","*"
"2","*"
"2","|
"
"2","0%   10   20   30   40   50   60   70   80   90   100%
"
"2","[----|----|----|----|----|----|----|----|----|----|
"
"2","*"
"2","*"
"2","*"
"2","*"
"2","*"
"2","*"
"2","*"
"2","*"
"2","*"
"2","*"
"2","*"
"2","*"
"2","*"
"2","*"
"2","*"
"2","*"
"2","*"
"2","*"
"2","*"
"2","*"
"2","*"
"2","*"
"2","*"
"2","*"
"2","*"
"2","*"
"2","*"
"2","*"
"2","*"
"2","*"
"2","*"
"2","*"
"2","*"
"2","*"
"2","*"
"2","*"
"2","*"
"2","*"
"2","*"
"2","*"
"2","*"
"2","*"
"2","*"
"2","*"
"2","*"
"2","*"
"2","*"
"2","*"
"2","*"
"2","*"
"2","|
"
"2","0%   10   20   30   40   50   60   70   80   90   100%
"
"2","[----|----|----|----|----|----|----|----|----|----|
"
"2","*"
"2","*"
"2","*"
"2","*"
"2","*"
"2","*"
"2","*"
"2","*"
"2","*"
"2","*"
"2","*"
"2","*"
"2","*"
"2","*"
"2","*"
"2","*"
"2","*"
"2","*"
"2","*"
"2","*"
"2","*"
"2","*"
"2","*"
"2","*"
"2","*"
"2","*"
"2","*"
"2","*"
"2","*"
"2","*"
"2","*"
"2","*"
"2","*"
"2","*"
"2","*"
"2","*"
"2","*"
"2","*"
"2","*"
"2","*"
"2","*"
"2","*"
"2","*"
"2","*"
"2","*"
"2","*"
"2","*"
"2","*"
"2","*"
"2","*"
"2","|
"
"2","0%   10   20   30   40   50   60   70   80   90   100%
"
"2","[----|----|----|----|----|----|----|----|----|----|
"
"2","*"
"2","*"
"2","*"
"2","*"
"2","*"
"2","*"
"2","*"
"2","*"
"2","*"
"2","*"
"2","*"
"2","*"
"2","*"
"2","*"
"2","*"
"2","*"
"2","*"
"2","*"
"2","*"
"2","*"
"2","*"
"2","*"
"2","*"
"2","*"
"2","*"
"2","*"
"2","*"
"2","*"
"2","*"
"2","*"
"2","*"
"2","*"
"2","*"
"2","*"
"2","*"
"2","*"
"2","*"
"2","*"
"2","*"
"2","*"
"2","*"
"2","*"
"2","*"
"2","*"
"2","*"
"2","*"
"2","*"
"2","*"
"2","*"
"2","*"
"2","|
"
"2","0%   10   20   30   40   50   60   70   80   90   100%
"
"2","[----|----|----|----|----|----|----|----|----|----|
"
"2","*"
"2","*"
"2","*"
"2","*"
"2","*"
"2","*"
"2","*"
"2","*"
"2","*"
"2","*"
"2","*"
"2","*"
"2","*"
"2","*"
"2","*"
"2","*"
"2","*"
"2","*"
"2","*"
"2","*"
"2","*"
"2","*"
"2","*"
"2","*"
"2","*"
"2","*"
"2","*"
"2","*"
"2","*"
"2","*"
"2","*"
"2","*"
"2","*"
"2","*"
"2","*"
"2","*"
"2","*"
"2","*"
"2","*"
"2","*"
"2","*"
"2","*"
"2","*"
"2","*"
"2","*"
"2","*"
"2","*"
"2","*"
"2","*"
"2","*"
"2","|
"
"2","0%   10   20   30   40   50   60   70   80   90   100%
"
"2","[----|----|----|----|----|----|----|----|----|----|
"
"2","*"
"2","*"
"2","*"
"2","*"
"2","*"
"2","*"
"2","*"
"2","*"
"2","*"
"2","*"
"2","*"
"2","*"
"2","*"
"2","*"
"2","*"
"2","*"
"2","*"
"2","*"
"2","*"
"2","*"
"2","*"
"2","*"
"2","*"
"2","*"
"2","*"
"2","*"
"2","*"
"2","*"
"2","*"
"2","*"
"2","*"
"2","*"
"2","*"
"2","*"
"2","*"
"2","*"
"2","*"
"2","*"
"2","*"
"2","*"
"2","*"
"2","*"
"2","*"
"2","*"
"2","*"
"2","*"
"2","*"
"2","*"
"2","*"
"2","*"
"2","|
"
"2","0%   10   20   30   40   50   60   70   80   90   100%
"
"2","[----|----|----|----|----|----|----|----|----|----|
"
"2","*"
"2","*"
"2","*"
"2","*"
"2","*"
"2","*"
"2","*"
"2","*"
"2","*"
"2","*"
"2","*"
"2","*"
"2","*"
"2","*"
"2","*"
"2","*"
"2","*"
"2","*"
"2","*"
"2","*"
"2","*"
"2","*"
"2","*"
"2","*"
"2","*"
"2","*"
"2","*"
"2","*"
"2","*"
"2","*"
"2","*"
"2","*"
"2","*"
"2","*"
"2","*"
"2","*"
"2","*"
"2","*"
"2","*"
"2","*"
"2","*"
"2","*"
"2","*"
"2","*"
"2","*"
"2","*"
"2","*"
"2","*"
"2","*"
"2","*"
"2","|
"
"2","0%   10   20   30   40   50   60   70   80   90   100%
"
"2","[----|----|----|----|----|----|----|----|----|----|
"
"2","*"
"2","*"
"2","*"
"2","*"
"2","*"
"2","*"
"2","*"
"2","*"
"2","*"
"2","*"
"2","*"
"2","*"
"2","*"
"2","*"
"2","*"
"2","*"
"2","*"
"2","*"
"2","*"
"2","*"
"2","*"
"2","*"
"2","*"
"2","*"
"2","*"
"2","*"
"2","*"
"2","*"
"2","*"
"2","*"
"2","*"
"2","*"
"2","*"
"2","*"
"2","*"
"2","*"
"2","*"
"2","*"
"2","*"
"2","*"
"2","*"
"2","*"
"2","*"
"2","*"
"2","*"
"2","*"
"2","*"
"2","*"
"2","*"
"2","*"
"2","|
"
"2","0%   10   20   30   40   50   60   70   80   90   100%
"
"2","[----|----|----|----|----|----|----|----|----|----|
"
"2","*"
"2","*"
"2","*"
"2","*"
"2","*"
"2","*"
"2","*"
"2","*"
"2","*"
"2","*"
"2","*"
"2","*"
"2","*"
"2","*"
"2","*"
"2","*"
"2","*"
"2","*"
"2","*"
"2","*"
"2","*"
"2","*"
"2","*"
"2","*"
"2","*"
"2","*"
"2","*"
"2","*"
"2","*"
"2","*"
"2","*"
"2","*"
"2","*"
"2","*"
"2","*"
"2","*"
"2","*"
"2","*"
"2","*"
"2","*"
"2","*"
"2","*"
"2","*"
"2","*"
"2","*"
"2","*"
"2","*"
"2","*"
"2","*"
"2","*"
"2","|
"
"2","0%   10   20   30   40   50   60   70   80   90   100%
"
"2","[----|----|----|----|----|----|----|----|----|----|
"
"2","*"
"2","*"
"2","*"
"2","*"
"2","*"
"2","*"
"2","*"
"2","*"
"2","*"
"2","*"
"2","*"
"2","*"
"2","*"
"2","*"
"2","*"
"2","*"
"2","*"
"2","*"
"2","*"
"2","*"
"2","*"
"2","*"
"2","*"
"2","*"
"2","*"
"2","*"
"2","*"
"2","*"
"2","*"
"2","*"
"2","*"
"2","*"
"2","*"
"2","*"
"2","*"
"2","*"
"2","*"
"2","*"
"2","*"
"2","*"
"2","*"
"2","*"
"2","*"
"2","*"
"2","*"
"2","*"
"2","*"
"2","*"
"2","*"
"2","*"
"2","|
"
"2","0%   10   20   30   40   50   60   70   80   90   100%
"
"2","[----|----|----|----|----|----|----|----|----|----|
"
"2","*"
"2","*"
"2","*"
"2","*"
"2","*"
"2","*"
"2","*"
"2","*"
"2","*"
"2","*"
"2","*"
"2","*"
"2","*"
"2","*"
"2","*"
"2","*"
"2","*"
"2","*"
"2","*"
"2","*"
"2","*"
"2","*"
"2","*"
"2","*"
"2","*"
"2","*"
"2","*"
"2","*"
"2","*"
"2","*"
"2","*"
"2","*"
"2","*"
"2","*"
"2","*"
"2","*"
"2","*"
"2","*"
"2","*"
"2","*"
"2","*"
"2","*"
"2","*"
"2","*"
"2","*"
"2","*"
"2","*"
"2","*"
"2","*"
"2","*"
"2","|
"
"2","0%   10   20   30   40   50   60   70   80   90   100%
"
"2","[----|----|----|----|----|----|----|----|----|----|
"
"2","*"
"2","*"
"2","*"
"2","*"
"2","*"
"2","*"
"2","*"
"2","*"
"2","*"
"2","*"
"2","*"
"2","*"
"2","*"
"2","*"
"2","*"
"2","*"
"2","*"
"2","*"
"2","*"
"2","*"
"2","*"
"2","*"
"2","*"
"2","*"
"2","*"
"2","*"
"2","*"
"2","*"
"2","*"
"2","*"
"2","*"
"2","*"
"2","*"
"2","*"
"2","*"
"2","*"
"2","*"
"2","*"
"2","*"
"2","*"
"2","*"
"2","*"
"2","*"
"2","*"
"2","*"
"2","*"
"2","*"
"2","*"
"2","*"
"2","*"
"2","|
"
"2","0%   10   20   30   40   50   60   70   80   90   100%
"
"2","[----|----|----|----|----|----|----|----|----|----|
"
"2","*"
"2","*"
"2","*"
"2","*"
"2","*"
"2","*"
"2","*"
"2","*"
"2","*"
"2","*"
"2","*"
"2","*"
"2","*"
"2","*"
"2","*"
"2","*"
"2","*"
"2","*"
"2","*"
"2","*"
"2","*"
"2","*"
"2","*"
"2","*"
"2","*"
"2","*"
"2","*"
"2","*"
"2","*"
"2","*"
"2","*"
"2","*"
"2","*"
"2","*"
"2","*"
"2","*"
"2","*"
"2","*"
"2","*"
"2","*"
"2","*"
"2","*"
"2","*"
"2","*"
"2","*"
"2","*"
"2","*"
"2","*"
"2","*"
"2","*"
"2","|
"
"2","0%   10   20   30   40   50   60   70   80   90   100%
"
"2","[----|----|----|----|----|----|----|----|----|----|
"
"2","*"
"2","*"
"2","*"
"2","*"
"2","*"
"2","*"
"2","*"
"2","*"
"2","*"
"2","*"
"2","*"
"2","*"
"2","*"
"2","*"
"2","*"
"2","*"
"2","*"
"2","*"
"2","*"
"2","*"
"2","*"
"2","*"
"2","*"
"2","*"
"2","*"
"2","*"
"2","*"
"2","*"
"2","*"
"2","*"
"2","*"
"2","*"
"2","*"
"2","*"
"2","*"
"2","*"
"2","*"
"2","*"
"2","*"
"2","*"
"2","*"
"2","*"
"2","*"
"2","*"
"2","*"
"2","*"
"2","*"
"2","*"
"2","*"
"2","*"
"2","|
"
"2","0%   10   20   30   40   50   60   70   80   90   100%
"
"2","[----|----|----|----|----|----|----|----|----|----|
"
"2","*"
"2","*"
"2","*"
"2","*"
"2","*"
"2","*"
"2","*"
"2","*"
"2","*"
"2","*"
"2","*"
"2","*"
"2","*"
"2","*"
"2","*"
"2","*"
"2","*"
"2","*"
"2","*"
"2","*"
"2","*"
"2","*"
"2","*"
"2","*"
"2","*"
"2","*"
"2","*"
"2","*"
"2","*"
"2","*"
"2","*"
"2","*"
"2","*"
"2","*"
"2","*"
"2","*"
"2","*"
"2","*"
"2","*"
"2","*"
"2","*"
"2","*"
"2","*"
"2","*"
"2","*"
"2","*"
"2","*"
"2","*"
"2","*"
"2","*"
"2","|
"
"2","0%   10   20   30   40   50   60   70   80   90   100%
"
"2","[----|----|----|----|----|----|----|----|----|----|
"
"2","*"
"2","*"
"2","*"
"2","*"
"2","*"
"2","*"
"2","*"
"2","*"
"2","*"
"2","*"
"2","*"
"2","*"
"2","*"
"2","*"
"2","*"
"2","*"
"2","*"
"2","*"
"2","*"
"2","*"
"2","*"
"2","*"
"2","*"
"2","*"
"2","*"
"2","*"
"2","*"
"2","*"
"2","*"
"2","*"
"2","*"
"2","*"
"2","*"
"2","*"
"2","*"
"2","*"
"2","*"
"2","*"
"2","*"
"2","*"
"2","*"
"2","*"
"2","*"
"2","*"
"2","*"
"2","*"
"2","*"
"2","*"
"2","*"
"2","*"
"2","|
"
"2","0%   10   20   30   40   50   60   70   80   90   100%
"
"2","[----|----|----|----|----|----|----|----|----|----|
"
"2","*"
"2","*"
"2","*"
"2","*"
"2","*"
"2","*"
"2","*"
"2","*"
"2","*"
"2","*"
"2","*"
"2","*"
"2","*"
"2","*"
"2","*"
"2","*"
"2","*"
"2","*"
"2","*"
"2","*"
"2","*"
"2","*"
"2","*"
"2","*"
"2","*"
"2","*"
"2","*"
"2","*"
"2","*"
"2","*"
"2","*"
"2","*"
"2","*"
"2","*"
"2","*"
"2","*"
"2","*"
"2","*"
"2","*"
"2","*"
"2","*"
"2","*"
"2","*"
"2","*"
"2","*"
"2","*"
"2","*"
"2","*"
"2","*"
"2","*"
"2","|
"
"2","0%   10   20   30   40   50   60   70   80   90   100%
"
"2","[----|----|----|----|----|----|----|----|----|----|
"
"2","*"
"2","*"
"2","*"
"2","*"
"2","*"
"2","*"
"2","*"
"2","*"
"2","*"
"2","*"
"2","*"
"2","*"
"2","*"
"2","*"
"2","*"
"2","*"
"2","*"
"2","*"
"2","*"
"2","*"
"2","*"
"2","*"
"2","*"
"2","*"
"2","*"
"2","*"
"2","*"
"2","*"
"2","*"
"2","*"
"2","*"
"2","*"
"2","*"
"2","*"
"2","*"
"2","*"
"2","*"
"2","*"
"2","*"
"2","*"
"2","*"
"2","*"
"2","*"
"2","*"
"2","*"
"2","*"
"2","*"
"2","*"
"2","*"
"2","*"
"2","|
"
"2","0%   10   20   30   40   50   60   70   80   90   100%
"
"2","[----|----|----|----|----|----|----|----|----|----|
"
"2","*"
"2","*"
"2","*"
"2","*"
"2","*"
"2","*"
"2","*"
"2","*"
"2","*"
"2","*"
"2","*"
"2","*"
"2","*"
"2","*"
"2","*"
"2","*"
"2","*"
"2","*"
"2","*"
"2","*"
"2","*"
"2","*"
"2","*"
"2","*"
"2","*"
"2","*"
"2","*"
"2","*"
"2","*"
"2","*"
"2","*"
"2","*"
"2","*"
"2","*"
"2","*"
"2","*"
"2","*"
"2","*"
"2","*"
"2","*"
"2","*"
"2","*"
"2","*"
"2","*"
"2","*"
"2","*"
"2","*"
"2","*"
"2","*"
"2","*"
"2","|
"
"2","0%   10   20   30   40   50   60   70   80   90   100%
"
"2","[----|----|----|----|----|----|----|----|----|----|
"
"2","*"
"2","*"
"2","*"
"2","*"
"2","*"
"2","*"
"2","*"
"2","*"
"2","*"
"2","*"
"2","*"
"2","*"
"2","*"
"2","*"
"2","*"
"2","*"
"2","*"
"2","*"
"2","*"
"2","*"
"2","*"
"2","*"
"2","*"
"2","*"
"2","*"
"2","*"
"2","*"
"2","*"
"2","*"
"2","*"
"2","*"
"2","*"
"2","*"
"2","*"
"2","*"
"2","*"
"2","*"
"2","*"
"2","*"
"2","*"
"2","*"
"2","*"
"2","*"
"2","*"
"2","*"
"2","*"
"2","*"
"2","*"
"2","*"
"2","*"
"2","|
"
"2","0%   10   20   30   40   50   60   70   80   90   100%
"
"2","[----|----|----|----|----|----|----|----|----|----|
"
"2","*"
"2","*"
"2","*"
"2","*"
"2","*"
"2","*"
"2","*"
"2","*"
"2","*"
"2","*"
"2","*"
"2","*"
"2","*"
"2","*"
"2","*"
"2","*"
"2","*"
"2","*"
"2","*"
"2","*"
"2","*"
"2","*"
"2","*"
"2","*"
"2","*"
"2","*"
"2","*"
"2","*"
"2","*"
"2","*"
"2","*"
"2","*"
"2","*"
"2","*"
"2","*"
"2","*"
"2","*"
"2","*"
"2","*"
"2","*"
"2","*"
"2","*"
"2","*"
"2","*"
"2","*"
"2","*"
"2","*"
"2","*"
"2","*"
"2","*"
"2","|
"
"2","0%   10   20   30   40   50   60   70   80   90   100%
"
"2","[----|----|----|----|----|----|----|----|----|----|
"
"2","*"
"2","*"
"2","*"
"2","*"
"2","*"
"2","*"
"2","*"
"2","*"
"2","*"
"2","*"
"2","*"
"2","*"
"2","*"
"2","*"
"2","*"
"2","*"
"2","*"
"2","*"
"2","*"
"2","*"
"2","*"
"2","*"
"2","*"
"2","*"
"2","*"
"2","*"
"2","*"
"2","*"
"2","*"
"2","*"
"2","*"
"2","*"
"2","*"
"2","*"
"2","*"
"2","*"
"2","*"
"2","*"
"2","*"
"2","*"
"2","*"
"2","*"
"2","*"
"2","*"
"2","*"
"2","*"
"2","*"
"2","*"
"2","*"
"2","*"
"2","|
"
"2","0%   10   20   30   40   50   60   70   80   90   100%
"
"2","[----|----|----|----|----|----|----|----|----|----|
"
"2","*"
"2","*"
"2","*"
"2","*"
"2","*"
"2","*"
"2","*"
"2","*"
"2","*"
"2","*"
"2","*"
"2","*"
"2","*"
"2","*"
"2","*"
"2","*"
"2","*"
"2","*"
"2","*"
"2","*"
"2","*"
"2","*"
"2","*"
"2","*"
"2","*"
"2","*"
"2","*"
"2","*"
"2","*"
"2","*"
"2","*"
"2","*"
"2","*"
"2","*"
"2","*"
"2","*"
"2","*"
"2","*"
"2","*"
"2","*"
"2","*"
"2","*"
"2","*"
"2","*"
"2","*"
"2","*"
"2","*"
"2","*"
"2","*"
"2","*"
"2","|
"
"2","0%   10   20   30   40   50   60   70   80   90   100%
"
"2","[----|----|----|----|----|----|----|----|----|----|
"
"2","*"
"2","*"
"2","*"
"2","*"
"2","*"
"2","*"
"2","*"
"2","*"
"2","*"
"2","*"
"2","*"
"2","*"
"2","*"
"2","*"
"2","*"
"2","*"
"2","*"
"2","*"
"2","*"
"2","*"
"2","*"
"2","*"
"2","*"
"2","*"
"2","*"
"2","*"
"2","*"
"2","*"
"2","*"
"2","*"
"2","*"
"2","*"
"2","*"
"2","*"
"2","*"
"2","*"
"2","*"
"2","*"
"2","*"
"2","*"
"2","*"
"2","*"
"2","*"
"2","*"
"2","*"
"2","*"
"2","*"
"2","*"
"2","*"
"2","*"
"2","|
"
"2","0%   10   20   30   40   50   60   70   80   90   100%
"
"2","[----|----|----|----|----|----|----|----|----|----|
"
"2","*"
"2","*"
"2","*"
"2","*"
"2","*"
"2","*"
"2","*"
"2","*"
"2","*"
"2","*"
"2","*"
"2","*"
"2","*"
"2","*"
"2","*"
"2","*"
"2","*"
"2","*"
"2","*"
"2","*"
"2","*"
"2","*"
"2","*"
"2","*"
"2","*"
"2","*"
"2","*"
"2","*"
"2","*"
"2","*"
"2","*"
"2","*"
"2","*"
"2","*"
"2","*"
"2","*"
"2","*"
"2","*"
"2","*"
"2","*"
"2","*"
"2","*"
"2","*"
"2","*"
"2","*"
"2","*"
"2","*"
"2","*"
"2","*"
"2","*"
"2","|
"
"2","0%   10   20   30   40   50   60   70   80   90   100%
"
"2","[----|----|----|----|----|----|----|----|----|----|
"
"2","*"
"2","*"
"2","*"
"2","*"
"2","*"
"2","*"
"2","*"
"2","*"
"2","*"
"2","*"
"2","*"
"2","*"
"2","*"
"2","*"
"2","*"
"2","*"
"2","*"
"2","*"
"2","*"
"2","*"
"2","*"
"2","*"
"2","*"
"2","*"
"2","*"
"2","*"
"2","*"
"2","*"
"2","*"
"2","*"
"2","*"
"2","*"
"2","*"
"2","*"
"2","*"
"2","*"
"2","*"
"2","*"
"2","*"
"2","*"
"2","*"
"2","*"
"2","*"
"2","*"
"2","*"
"2","*"
"2","*"
"2","*"
"2","*"
"2","*"
"2","|
"
"2","0%   10   20   30   40   50   60   70   80   90   100%
"
"2","[----|----|----|----|----|----|----|----|----|----|
"
"2","*"
"2","*"
"2","*"
"2","*"
"2","*"
"2","*"
"2","*"
"2","*"
"2","*"
"2","*"
"2","*"
"2","*"
"2","*"
"2","*"
"2","*"
"2","*"
"2","*"
"2","*"
"2","*"
"2","*"
"2","*"
"2","*"
"2","*"
"2","*"
"2","*"
"2","*"
"2","*"
"2","*"
"2","*"
"2","*"
"2","*"
"2","*"
"2","*"
"2","*"
"2","*"
"2","*"
"2","*"
"2","*"
"2","*"
"2","*"
"2","*"
"2","*"
"2","*"
"2","*"
"2","*"
"2","*"
"2","*"
"2","*"
"2","*"
"2","*"
"2","|
"
"2","0%   10   20   30   40   50   60   70   80   90   100%
"
"2","[----|----|----|----|----|----|----|----|----|----|
"
"2","*"
"2","*"
"2","*"
"2","*"
"2","*"
"2","*"
"2","*"
"2","*"
"2","*"
"2","*"
"2","*"
"2","*"
"2","*"
"2","*"
"2","*"
"2","*"
"2","*"
"2","*"
"2","*"
"2","*"
"2","*"
"2","*"
"2","*"
"2","*"
"2","*"
"2","*"
"2","*"
"2","*"
"2","*"
"2","*"
"2","*"
"2","*"
"2","*"
"2","*"
"2","*"
"2","*"
"2","*"
"2","*"
"2","*"
"2","*"
"2","*"
"2","*"
"2","*"
"2","*"
"2","*"
"2","*"
"2","*"
"2","*"
"2","*"
"2","*"
"2","|
"
"2","0%   10   20   30   40   50   60   70   80   90   100%
"
"2","[----|----|----|----|----|----|----|----|----|----|
"
"2","*"
"2","*"
"2","*"
"2","*"
"2","*"
"2","*"
"2","*"
"2","*"
"2","*"
"2","*"
"2","*"
"2","*"
"2","*"
"2","*"
"2","*"
"2","*"
"2","*"
"2","*"
"2","*"
"2","*"
"2","*"
"2","*"
"2","*"
"2","*"
"2","*"
"2","*"
"2","*"
"2","*"
"2","*"
"2","*"
"2","*"
"2","*"
"2","*"
"2","*"
"2","*"
"2","*"
"2","*"
"2","*"
"2","*"
"2","*"
"2","*"
"2","*"
"2","*"
"2","*"
"2","*"
"2","*"
"2","*"
"2","*"
"2","*"
"2","*"
"2","|
"
"2","0%   10   20   30   40   50   60   70   80   90   100%
"
"2","[----|----|----|----|----|----|----|----|----|----|
"
"2","*"
"2","*"
"2","*"
"2","*"
"2","*"
"2","*"
"2","*"
"2","*"
"2","*"
"2","*"
"2","*"
"2","*"
"2","*"
"2","*"
"2","*"
"2","*"
"2","*"
"2","*"
"2","*"
"2","*"
"2","*"
"2","*"
"2","*"
"2","*"
"2","*"
"2","*"
"2","*"
"2","*"
"2","*"
"2","*"
"2","*"
"2","*"
"2","*"
"2","*"
"2","*"
"2","*"
"2","*"
"2","*"
"2","*"
"2","*"
"2","*"
"2","*"
"2","*"
"2","*"
"2","*"
"2","*"
"2","*"
"2","*"
"2","*"
"2","*"
"2","|
"
"2","0%   10   20   30   40   50   60   70   80   90   100%
"
"2","[----|----|----|----|----|----|----|----|----|----|
"
"2","*"
"2","*"
"2","*"
"2","*"
"2","*"
"2","*"
"2","*"
"2","*"
"2","*"
"2","*"
"2","*"
"2","*"
"2","*"
"2","*"
"2","*"
"2","*"
"2","*"
"2","*"
"2","*"
"2","*"
"2","*"
"2","*"
"2","*"
"2","*"
"2","*"
"2","*"
"2","*"
"2","*"
"2","*"
"2","*"
"2","*"
"2","*"
"2","*"
"2","*"
"2","*"
"2","*"
"2","*"
"2","*"
"2","*"
"2","*"
"2","*"
"2","*"
"2","*"
"2","*"
"2","*"
"2","*"
"2","*"
"2","*"
"2","*"
"2","*"
"2","|
"
"2","0%   10   20   30   40   50   60   70   80   90   100%
"
"2","[----|----|----|----|----|----|----|----|----|----|
"
"2","*"
"2","*"
"2","*"
"2","*"
"2","*"
"2","*"
"2","*"
"2","*"
"2","*"
"2","*"
"2","*"
"2","*"
"2","*"
"2","*"
"2","*"
"2","*"
"2","*"
"2","*"
"2","*"
"2","*"
"2","*"
"2","*"
"2","*"
"2","*"
"2","*"
"2","*"
"2","*"
"2","*"
"2","*"
"2","*"
"2","*"
"2","*"
"2","*"
"2","*"
"2","*"
"2","*"
"2","*"
"2","*"
"2","*"
"2","*"
"2","*"
"2","*"
"2","*"
"2","*"
"2","*"
"2","*"
"2","*"
"2","*"
"2","*"
"2","*"
"2","|
"
"2","0%   10   20   30   40   50   60   70   80   90   100%
"
"2","[----|----|----|----|----|----|----|----|----|----|
"
"2","*"
"2","*"
"2","*"
"2","*"
"2","*"
"2","*"
"2","*"
"2","*"
"2","*"
"2","*"
"2","*"
"2","*"
"2","*"
"2","*"
"2","*"
"2","*"
"2","*"
"2","*"
"2","*"
"2","*"
"2","*"
"2","*"
"2","*"
"2","*"
"2","*"
"2","*"
"2","*"
"2","*"
"2","*"
"2","*"
"2","*"
"2","*"
"2","*"
"2","*"
"2","*"
"2","*"
"2","*"
"2","*"
"2","*"
"2","*"
"2","*"
"2","*"
"2","*"
"2","*"
"2","*"
"2","*"
"2","*"
"2","*"
"2","*"
"2","*"
"2","|
"
"2","0%   10   20   30   40   50   60   70   80   90   100%
"
"2","[----|----|----|----|----|----|----|----|----|----|
"
"2","*"
"2","*"
"2","*"
"2","*"
"2","*"
"2","*"
"2","*"
"2","*"
"2","*"
"2","*"
"2","*"
"2","*"
"2","*"
"2","*"
"2","*"
"2","*"
"2","*"
"2","*"
"2","*"
"2","*"
"2","*"
"2","*"
"2","*"
"2","*"
"2","*"
"2","*"
"2","*"
"2","*"
"2","*"
"2","*"
"2","*"
"2","*"
"2","*"
"2","*"
"2","*"
"2","*"
"2","*"
"2","*"
"2","*"
"2","*"
"2","*"
"2","*"
"2","*"
"2","*"
"2","*"
"2","*"
"2","*"
"2","*"
"2","*"
"2","*"
"2","|
"
"2","0%   10   20   30   40   50   60   70   80   90   100%
"
"2","[----|----|----|----|----|----|----|----|----|----|
"
"2","*"
"2","*"
"2","*"
"2","*"
"2","*"
"2","*"
"2","*"
"2","*"
"2","*"
"2","*"
"2","*"
"2","*"
"2","*"
"2","*"
"2","*"
"2","*"
"2","*"
"2","*"
"2","*"
"2","*"
"2","*"
"2","*"
"2","*"
"2","*"
"2","*"
"2","*"
"2","*"
"2","*"
"2","*"
"2","*"
"2","*"
"2","*"
"2","*"
"2","*"
"2","*"
"2","*"
"2","*"
"2","*"
"2","*"
"2","*"
"2","*"
"2","*"
"2","*"
"2","*"
"2","*"
"2","*"
"2","*"
"2","*"
"2","*"
"2","*"
"2","|
"
"2","0%   10   20   30   40   50   60   70   80   90   100%
"
"2","[----|----|----|----|----|----|----|----|----|----|
"
"2","*"
"2","*"
"2","*"
"2","*"
"2","*"
"2","*"
"2","*"
"2","*"
"2","*"
"2","*"
"2","*"
"2","*"
"2","*"
"2","*"
"2","*"
"2","*"
"2","*"
"2","*"
"2","*"
"2","*"
"2","*"
"2","*"
"2","*"
"2","*"
"2","*"
"2","*"
"2","*"
"2","*"
"2","*"
"2","*"
"2","*"
"2","*"
"2","*"
"2","*"
"2","*"
"2","*"
"2","*"
"2","*"
"2","*"
"2","*"
"2","*"
"2","*"
"2","*"
"2","*"
"2","*"
"2","*"
"2","*"
"2","*"
"2","*"
"2","*"
"2","|
"
"2","0%   10   20   30   40   50   60   70   80   90   100%
"
"2","[----|----|----|----|----|----|----|----|----|----|
"
"2","*"
"2","*"
"2","*"
"2","*"
"2","*"
"2","*"
"2","*"
"2","*"
"2","*"
"2","*"
"2","*"
"2","*"
"2","*"
"2","*"
"2","*"
"2","*"
"2","*"
"2","*"
"2","*"
"2","*"
"2","*"
"2","*"
"2","*"
"2","*"
"2","*"
"2","*"
"2","*"
"2","*"
"2","*"
"2","*"
"2","*"
"2","*"
"2","*"
"2","*"
"2","*"
"2","*"
"2","*"
"2","*"
"2","*"
"2","*"
"2","*"
"2","*"
"2","*"
"2","*"
"2","*"
"2","*"
"2","*"
"2","*"
"2","*"
"2","*"
"2","|
"
"2","0%   10   20   30   40   50   60   70   80   90   100%
"
"2","[----|----|----|----|----|----|----|----|----|----|
"
"2","*"
"2","*"
"2","*"
"2","*"
"2","*"
"2","*"
"2","*"
"2","*"
"2","*"
"2","*"
"2","*"
"2","*"
"2","*"
"2","*"
"2","*"
"2","*"
"2","*"
"2","*"
"2","*"
"2","*"
"2","*"
"2","*"
"2","*"
"2","*"
"2","*"
"2","*"
"2","*"
"2","*"
"2","*"
"2","*"
"2","*"
"2","*"
"2","*"
"2","*"
"2","*"
"2","*"
"2","*"
"2","*"
"2","*"
"2","*"
"2","*"
"2","*"
"2","*"
"2","*"
"2","*"
"2","*"
"2","*"
"2","*"
"2","*"
"2","*"
"2","|
"
"2","0%   10   20   30   40   50   60   70   80   90   100%
"
"2","[----|----|----|----|----|----|----|----|----|----|
"
"2","*"
"2","*"
"2","*"
"2","*"
"2","*"
"2","*"
"2","*"
"2","*"
"2","*"
"2","*"
"2","*"
"2","*"
"2","*"
"2","*"
"2","*"
"2","*"
"2","*"
"2","*"
"2","*"
"2","*"
"2","*"
"2","*"
"2","*"
"2","*"
"2","*"
"2","*"
"2","*"
"2","*"
"2","*"
"2","*"
"2","*"
"2","*"
"2","*"
"2","*"
"2","*"
"2","*"
"2","*"
"2","*"
"2","*"
"2","*"
"2","*"
"2","*"
"2","*"
"2","*"
"2","*"
"2","*"
"2","*"
"2","*"
"2","*"
"2","*"
"2","|
"
"2","0%   10   20   30   40   50   60   70   80   90   100%
"
"2","[----|----|----|----|----|----|----|----|----|----|
"
"2","*"
"2","*"
"2","*"
"2","*"
"2","*"
"2","*"
"2","*"
"2","*"
"2","*"
"2","*"
"2","*"
"2","*"
"2","*"
"2","*"
"2","*"
"2","*"
"2","*"
"2","*"
"2","*"
"2","*"
"2","*"
"2","*"
"2","*"
"2","*"
"2","*"
"2","*"
"2","*"
"2","*"
"2","*"
"2","*"
"2","*"
"2","*"
"2","*"
"2","*"
"2","*"
"2","*"
"2","*"
"2","*"
"2","*"
"2","*"
"2","*"
"2","*"
"2","*"
"2","*"
"2","*"
"2","*"
"2","*"
"2","*"
"2","*"
"2","*"
"2","|
"
"2","0%   10   20   30   40   50   60   70   80   90   100%
"
"2","[----|----|----|----|----|----|----|----|----|----|
"
"2","*"
"2","*"
"2","*"
"2","*"
"2","*"
"2","*"
"2","*"
"2","*"
"2","*"
"2","*"
"2","*"
"2","*"
"2","*"
"2","*"
"2","*"
"2","*"
"2","*"
"2","*"
"2","*"
"2","*"
"2","*"
"2","*"
"2","*"
"2","*"
"2","*"
"2","*"
"2","*"
"2","*"
"2","*"
"2","*"
"2","*"
"2","*"
"2","*"
"2","*"
"2","*"
"2","*"
"2","*"
"2","*"
"2","*"
"2","*"
"2","*"
"2","*"
"2","*"
"2","*"
"2","*"
"2","*"
"2","*"
"2","*"
"2","*"
"2","*"
"2","|
"
"2","0%   10   20   30   40   50   60   70   80   90   100%
"
"2","[----|----|----|----|----|----|----|----|----|----|
"
"2","*"
"2","*"
"2","*"
"2","*"
"2","*"
"2","*"
"2","*"
"2","*"
"2","*"
"2","*"
"2","*"
"2","*"
"2","*"
"2","*"
"2","*"
"2","*"
"2","*"
"2","*"
"2","*"
"2","*"
"2","*"
"2","*"
"2","*"
"2","*"
"2","*"
"2","*"
"2","*"
"2","*"
"2","*"
"2","*"
"2","*"
"2","*"
"2","*"
"2","*"
"2","*"
"2","*"
"2","*"
"2","*"
"2","*"
"2","*"
"2","*"
"2","*"
"2","*"
"2","*"
"2","*"
"2","*"
"2","*"
"2","*"
"2","*"
"2","*"
"2","|
"
"2","0%   10   20   30   40   50   60   70   80   90   100%
"
"2","[----|----|----|----|----|----|----|----|----|----|
"
"2","*"
"2","*"
"2","*"
"2","*"
"2","*"
"2","*"
"2","*"
"2","*"
"2","*"
"2","*"
"2","*"
"2","*"
"2","*"
"2","*"
"2","*"
"2","*"
"2","*"
"2","*"
"2","*"
"2","*"
"2","*"
"2","*"
"2","*"
"2","*"
"2","*"
"2","*"
"2","*"
"2","*"
"2","*"
"2","*"
"2","*"
"2","*"
"2","*"
"2","*"
"2","*"
"2","*"
"2","*"
"2","*"
"2","*"
"2","*"
"2","*"
"2","*"
"2","*"
"2","*"
"2","*"
"2","*"
"2","*"
"2","*"
"2","*"
"2","*"
"2","|
"
"2","0%   10   20   30   40   50   60   70   80   90   100%
"
"2","[----|----|----|----|----|----|----|----|----|----|
"
"2","*"
"2","*"
"2","*"
"2","*"
"2","*"
"2","*"
"2","*"
"2","*"
"2","*"
"2","*"
"2","*"
"2","*"
"2","*"
"2","*"
"2","*"
"2","*"
"2","*"
"2","*"
"2","*"
"2","*"
"2","*"
"2","*"
"2","*"
"2","*"
"2","*"
"2","*"
"2","*"
"2","*"
"2","*"
"2","*"
"2","*"
"2","*"
"2","*"
"2","*"
"2","*"
"2","*"
"2","*"
"2","*"
"2","*"
"2","*"
"2","*"
"2","*"
"2","*"
"2","*"
"2","*"
"2","*"
"2","*"
"2","*"
"2","*"
"2","*"
"2","|
"
"2","0%   10   20   30   40   50   60   70   80   90   100%
"
"2","[----|----|----|----|----|----|----|----|----|----|
"
"2","*"
"2","*"
"2","*"
"2","*"
"2","*"
"2","*"
"2","*"
"2","*"
"2","*"
"2","*"
"2","*"
"2","*"
"2","*"
"2","*"
"2","*"
"2","*"
"2","*"
"2","*"
"2","*"
"2","*"
"2","*"
"2","*"
"2","*"
"2","*"
"2","*"
"2","*"
"2","*"
"2","*"
"2","*"
"2","*"
"2","*"
"2","*"
"2","*"
"2","*"
"2","*"
"2","*"
"2","*"
"2","*"
"2","*"
"2","*"
"2","*"
"2","*"
"2","*"
"2","*"
"2","*"
"2","*"
"2","*"
"2","*"
"2","*"
"2","*"
"2","|
"
"2","0%   10   20   30   40   50   60   70   80   90   100%
"
"2","[----|----|----|----|----|----|----|----|----|----|
"
"2","*"
"2","*"
"2","*"
"2","*"
"2","*"
"2","*"
"2","*"
"2","*"
"2","*"
"2","*"
"2","*"
"2","*"
"2","*"
"2","*"
"2","*"
"2","*"
"2","*"
"2","*"
"2","*"
"2","*"
"2","*"
"2","*"
"2","*"
"2","*"
"2","*"
"2","*"
"2","*"
"2","*"
"2","*"
"2","*"
"2","*"
"2","*"
"2","*"
"2","*"
"2","*"
"2","*"
"2","*"
"2","*"
"2","*"
"2","*"
"2","*"
"2","*"
"2","*"
"2","*"
"2","*"
"2","*"
"2","*"
"2","*"
"2","*"
"2","*"
"2","|
"
"2","0%   10   20   30   40   50   60   70   80   90   100%
"
"2","[----|----|----|----|----|----|----|----|----|----|
"
"2","*"
"2","*"
"2","*"
"2","*"
"2","*"
"2","*"
"2","*"
"2","*"
"2","*"
"2","*"
"2","*"
"2","*"
"2","*"
"2","*"
"2","*"
"2","*"
"2","*"
"2","*"
"2","*"
"2","*"
"2","*"
"2","*"
"2","*"
"2","*"
"2","*"
"2","*"
"2","*"
"2","*"
"2","*"
"2","*"
"2","*"
"2","*"
"2","*"
"2","*"
"2","*"
"2","*"
"2","*"
"2","*"
"2","*"
"2","*"
"2","*"
"2","*"
"2","*"
"2","*"
"2","*"
"2","*"
"2","*"
"2","*"
"2","*"
"2","*"
"2","|
"
"2","0%   10   20   30   40   50   60   70   80   90   100%
"
"2","[----|----|----|----|----|----|----|----|----|----|
"
"2","*"
"2","*"
"2","*"
"2","*"
"2","*"
"2","*"
"2","*"
"2","*"
"2","*"
"2","*"
"2","*"
"2","*"
"2","*"
"2","*"
"2","*"
"2","*"
"2","*"
"2","*"
"2","*"
"2","*"
"2","*"
"2","*"
"2","*"
"2","*"
"2","*"
"2","*"
"2","*"
"2","*"
"2","*"
"2","*"
"2","*"
"2","*"
"2","*"
"2","*"
"2","*"
"2","*"
"2","*"
"2","*"
"2","*"
"2","*"
"2","*"
"2","*"
"2","*"
"2","*"
"2","*"
"2","*"
"2","*"
"2","*"
"2","*"
"2","*"
"2","|
"
"2","0%   10   20   30   40   50   60   70   80   90   100%
"
"2","[----|----|----|----|----|----|----|----|----|----|
"
"2","*"
"2","*"
"2","*"
"2","*"
"2","*"
"2","*"
"2","*"
"2","*"
"2","*"
"2","*"
"2","*"
"2","*"
"2","*"
"2","*"
"2","*"
"2","*"
"2","*"
"2","*"
"2","*"
"2","*"
"2","*"
"2","*"
"2","*"
"2","*"
"2","*"
"2","*"
"2","*"
"2","*"
"2","*"
"2","*"
"2","*"
"2","*"
"2","*"
"2","*"
"2","*"
"2","*"
"2","*"
"2","*"
"2","*"
"2","*"
"2","*"
"2","*"
"2","*"
"2","*"
"2","*"
"2","*"
"2","*"
"2","*"
"2","*"
"2","*"
"2","|
"
"2","0%   10   20   30   40   50   60   70   80   90   100%
"
"2","[----|----|----|----|----|----|----|----|----|----|
"
"2","*"
"2","*"
"2","*"
"2","*"
"2","*"
"2","*"
"2","*"
"2","*"
"2","*"
"2","*"
"2","*"
"2","*"
"2","*"
"2","*"
"2","*"
"2","*"
"2","*"
"2","*"
"2","*"
"2","*"
"2","*"
"2","*"
"2","*"
"2","*"
"2","*"
"2","*"
"2","*"
"2","*"
"2","*"
"2","*"
"2","*"
"2","*"
"2","*"
"2","*"
"2","*"
"2","*"
"2","*"
"2","*"
"2","*"
"2","*"
"2","*"
"2","*"
"2","*"
"2","*"
"2","*"
"2","*"
"2","*"
"2","*"
"2","*"
"2","*"
"2","|
"
